INCIDENT_ID,MULTIPLE_OFFENSE
CR_73622,1
CR_195925,1
CR_59971,0
CR_59113,1
CR_159988,1
CR_8699,1
CR_7110,1
CR_99086,1
CR_55823,1
CR_17218,1
CR_535,1
CR_169934,1
CR_80343,1
CR_39859,1
CR_191478,1
CR_83491,1
CR_46696,1
CR_185943,1
CR_85398,1
CR_12276,1
CR_60944,1
CR_74997,1
CR_82033,1
CR_67105,1
CR_89785,1
CR_186665,1
CR_175721,1
CR_114242,1
CR_81259,1
CR_21976,1
CR_153518,1
CR_147583,1
CR_53926,1
CR_65939,1
CR_170327,1
CR_101247,1
CR_34603,1
CR_22976,1
CR_118892,1
CR_110572,1
CR_64317,1
CR_97645,1
CR_85917,1
CR_47434,1
CR_34396,0
CR_127908,1
CR_47940,1
CR_153224,1
CR_79066,1
CR_125221,1
CR_172316,0
CR_163778,1
CR_59525,1
CR_173847,1
CR_103891,0
CR_129376,0
CR_74822,1
CR_111127,1
CR_93701,1
CR_152771,1
CR_134470,1
CR_113037,1
CR_12131,1
CR_155502,1
CR_188030,1
CR_52039,1
CR_139103,1
CR_79706,1
CR_18983,1
CR_179004,1
CR_173472,1
CR_162642,1
CR_166838,1
CR_179114,1
CR_197741,1
CR_188718,1
CR_140964,1
CR_174845,1
CR_68154,1
CR_96409,1
CR_18149,1
CR_174019,1
CR_133871,1
CR_12447,1
CR_146313,1
CR_43574,1
CR_55809,1
CR_41934,1
CR_4852,1
CR_193408,1
CR_151317,1
CR_134329,1
CR_60159,1
CR_103475,1
CR_91969,0
CR_156801,1
CR_87058,1
CR_1478,1
CR_52069,1
CR_40201,1
CR_2771,1
CR_29710,1
CR_26097,1
CR_94030,1
CR_59974,1
CR_172569,1
CR_192115,1
CR_17856,1
CR_4193,0
CR_97610,1
CR_79313,1
CR_166081,1
CR_17343,0
CR_1189,1
CR_167175,1
CR_173760,1
CR_195127,1
CR_9329,1
CR_105849,1
CR_91827,1
CR_145826,1
CR_59612,1
CR_16773,1
CR_118829,1
CR_106535,1
CR_70508,1
CR_68071,1
CR_26905,1
CR_43899,1
CR_182448,1
CR_113545,1
CR_166292,1
CR_197932,1
CR_133982,1
CR_168188,1
CR_169322,0
CR_177551,1
CR_32089,1
CR_124678,1
CR_60634,1
CR_134063,1
CR_9927,1
CR_78254,1
CR_134870,1
CR_143190,1
CR_51590,1
CR_90516,1
CR_40723,1
CR_182305,1
CR_40236,1
CR_64318,1
CR_43440,1
CR_44648,1
CR_92794,1
CR_97635,1
CR_61114,1
CR_116889,1
CR_187216,1
CR_89374,1
CR_161420,1
CR_10339,1
CR_184809,1
CR_88468,1
CR_30693,1
CR_160096,1
CR_114333,1
CR_98032,1
CR_90715,1
CR_198223,1
CR_114375,0
CR_182514,1
CR_126922,1
CR_13252,1
CR_91678,1
CR_112599,1
CR_141018,1
CR_73525,1
CR_198453,1
CR_19980,1
CR_55353,1
CR_40181,1
CR_46947,0
CR_158748,1
CR_155163,1
CR_185521,1
CR_95054,1
CR_22068,1
CR_170760,1
CR_174538,1
CR_106054,1
CR_91134,1
CR_100413,1
CR_18722,1
CR_188429,1
CR_14385,1
CR_12884,1
CR_92779,1
CR_112316,1
CR_177036,1
CR_81405,1
CR_10046,1
CR_48060,1
CR_91744,1
CR_193816,1
CR_58347,1
CR_157655,1
CR_35373,1
CR_8146,1
CR_11771,1
CR_110367,1
CR_116059,1
CR_69155,1
CR_56640,1
CR_75023,1
CR_111465,1
CR_117542,1
CR_72603,1
CR_18815,1
CR_42812,1
CR_171654,1
CR_13990,1
CR_17388,1
CR_36387,1
CR_164616,1
CR_101889,1
CR_120982,1
CR_58323,1
CR_44850,1
CR_22006,1
CR_71283,1
CR_32430,1
CR_37842,1
CR_71307,1
CR_132871,1
CR_49834,1
CR_50431,1
CR_94066,1
CR_5608,1
CR_63283,1
CR_113937,1
CR_105297,1
CR_178494,1
CR_94081,1
CR_167794,1
CR_54845,0
CR_14852,1
CR_131946,1
CR_32023,1
CR_141252,1
CR_28129,1
CR_81024,1
CR_73140,1
CR_101233,1
CR_35731,1
CR_144187,1
CR_29913,1
CR_101477,1
CR_104152,1
CR_61573,1
CR_103808,0
CR_8441,1
CR_169111,1
CR_88354,1
CR_152408,1
CR_178772,1
CR_192698,0
CR_75389,1
CR_179303,1
CR_51080,1
CR_2425,1
CR_126811,1
CR_39197,1
CR_26318,1
CR_89542,1
CR_121561,1
CR_59566,1
CR_84291,1
CR_84180,1
CR_161145,1
CR_158663,1
CR_144008,1
CR_63004,1
CR_73360,1
CR_90306,1
CR_173098,1
CR_107512,1
CR_45297,1
CR_194373,1
CR_90098,1
CR_2918,1
CR_191855,1
CR_84917,1
CR_39079,1
CR_93542,1
CR_91720,1
CR_75994,1
CR_99916,1
CR_19187,1
CR_149733,1
CR_127574,1
CR_28408,1
CR_33069,1
CR_169001,1
CR_56606,1
CR_159370,1
CR_102343,0
CR_109744,1
CR_33966,0
CR_59613,1
CR_114225,1
CR_27051,1
CR_124733,1
CR_51570,0
CR_122485,1
CR_125755,1
CR_88274,1
CR_3097,1
CR_4147,1
CR_20871,1
CR_190435,1
CR_81917,1
CR_44869,1
CR_133078,1
CR_176129,1
CR_48211,1
CR_31301,1
CR_5646,1
CR_46617,0
CR_37735,1
CR_1042,1
CR_135397,1
CR_60118,1
CR_148661,1
CR_1902,1
CR_134245,1
CR_23042,1
CR_164160,1
CR_61887,1
CR_166285,1
CR_117540,1
CR_172090,1
CR_151383,1
CR_75098,1
CR_83502,1
CR_163043,1
CR_24378,1
CR_66571,1
CR_39321,1
CR_145485,1
CR_114326,1
CR_160383,1
CR_163357,1
CR_145767,1
CR_98863,1
CR_23417,1
CR_51391,1
CR_83520,1
CR_134081,1
CR_25270,1
CR_124049,1
CR_183936,1
CR_79476,1
CR_73425,1
CR_23693,1
CR_155329,1
CR_132433,1
CR_83387,1
CR_74502,1
CR_186034,1
CR_173522,1
CR_129225,1
CR_176214,1
CR_118211,1
CR_146355,1
CR_106776,1
CR_67107,1
CR_92072,1
CR_194825,1
CR_134282,1
CR_89465,1
CR_36056,1
CR_102514,1
CR_100032,1
CR_54172,1
CR_170420,1
CR_74290,1
CR_178381,0
CR_73520,1
CR_84348,1
CR_98186,1
CR_130530,1
CR_105158,1
CR_136573,1
CR_136993,1
CR_42619,1
CR_100461,1
CR_169979,1
CR_15618,1
CR_35654,1
CR_8893,1
CR_68081,1
CR_118459,1
CR_182259,1
CR_163665,0
CR_69739,1
CR_19118,1
CR_101280,1
CR_119136,1
CR_44920,1
CR_113544,1
CR_152429,1
CR_87982,1
CR_162893,1
CR_62864,1
CR_90947,1
CR_79956,0
CR_25178,0
CR_51170,1
CR_183932,1
CR_57875,1
CR_78607,1
CR_16885,1
CR_78263,1
CR_174756,1
CR_107439,1
CR_157101,1
CR_116457,1
CR_152086,1
CR_152281,1
CR_70311,1
CR_101970,1
CR_125340,1
CR_104604,1
CR_65241,1
CR_83353,1
CR_141405,1
CR_113576,1
CR_55322,1
CR_30737,1
CR_128163,1
CR_93975,1
CR_181711,0
CR_129981,1
CR_11661,1
CR_48475,1
CR_654,1
CR_153981,1
CR_144355,1
CR_183759,1
CR_170419,1
CR_6236,1
CR_80279,1
CR_99188,1
CR_137247,1
CR_69497,1
CR_33689,1
CR_193920,1
CR_117845,1
CR_35843,1
CR_132587,1
CR_106778,1
CR_71963,1
CR_42378,1
CR_163326,1
CR_196048,1
CR_61620,1
CR_114851,1
CR_173765,1
CR_151356,1
CR_163138,1
CR_185058,1
CR_82821,1
CR_97421,1
CR_85884,1
CR_176470,1
CR_13141,1
CR_101476,1
CR_110991,1
CR_72854,1
CR_89657,1
CR_195296,1
CR_44014,1
CR_69319,1
CR_285,1
CR_156554,1
CR_41035,1
CR_153324,1
CR_37033,1
CR_51318,1
CR_131546,1
CR_157512,1
CR_97557,1
CR_115827,1
CR_79437,1
CR_185989,1
CR_190570,1
CR_166585,1
CR_62474,1
CR_66045,1
CR_50333,1
CR_173280,1
CR_129076,1
CR_87381,1
CR_33933,0
CR_221,1
CR_57052,1
CR_17201,1
CR_64166,1
CR_193931,1
CR_142133,1
CR_184636,1
CR_32955,1
CR_146537,1
CR_64085,1
CR_112407,1
CR_168648,1
CR_38327,1
CR_100572,1
CR_178922,1
CR_187099,1
CR_39418,1
CR_74169,1
CR_20259,1
CR_113700,1
CR_14551,1
CR_29453,1
CR_72623,1
CR_166232,1
CR_52715,1
CR_121435,1
CR_68904,1
CR_126343,1
CR_166978,1
CR_7741,1
CR_98562,1
CR_112450,1
CR_161305,1
CR_196519,1
CR_149805,1
CR_44041,1
CR_82377,1
CR_38228,1
CR_97273,1
CR_35482,1
CR_145361,1
CR_146079,0
CR_83424,1
CR_161527,1
CR_126461,1
CR_28466,1
CR_8546,1
CR_29574,1
CR_135902,0
CR_186318,1
CR_18559,1
CR_196728,1
CR_2917,1
CR_192258,1
CR_97442,1
CR_33185,1
CR_87515,1
CR_123681,1
CR_34506,1
CR_66870,1
CR_196619,1
CR_85215,1
CR_55778,1
CR_186020,1
CR_163064,1
CR_36173,1
CR_121581,1
CR_196494,1
CR_74344,1
CR_70759,1
CR_132878,1
CR_184823,1
CR_20100,1
CR_101672,1
CR_180441,1
CR_128047,1
CR_81690,1
CR_197462,1
CR_42757,1
CR_124621,1
CR_120752,1
CR_99642,1
CR_125931,1
CR_126098,1
CR_21742,1
CR_10564,1
CR_46372,1
CR_140703,1
CR_51470,1
CR_70051,1
CR_139406,1
CR_95079,1
CR_31379,1
CR_133938,1
CR_64024,1
CR_1572,1
CR_94999,1
CR_7408,1
CR_153503,1
CR_179373,1
CR_118435,1
CR_3351,1
CR_184165,1
CR_172076,1
CR_149804,1
CR_113614,1
CR_198305,1
CR_139262,1
CR_185883,1
CR_55186,1
CR_99013,1
CR_170696,1
CR_52188,1
CR_42551,0
CR_150086,1
CR_142134,1
CR_49149,1
CR_188533,0
CR_112524,1
CR_180001,1
CR_162983,1
CR_46616,1
CR_32814,1
CR_188454,1
CR_10745,1
CR_83069,1
CR_173928,1
CR_97995,1
CR_32248,1
CR_8330,1
CR_3131,1
CR_120868,1
CR_34632,0
CR_24472,1
CR_146805,1
CR_8331,1
CR_37362,1
CR_111890,1
CR_93109,1
CR_104468,1
CR_165405,1
CR_142799,1
CR_88965,1
CR_21707,1
CR_86468,1
CR_16853,1
CR_112358,1
CR_177980,1
CR_105843,1
CR_151265,1
CR_78044,1
CR_192113,1
CR_159391,1
CR_136000,1
CR_77897,1
CR_48908,1
CR_23700,1
CR_117381,1
CR_94171,1
CR_60067,1
CR_123700,1
CR_17665,1
CR_39655,1
CR_151207,1
CR_115339,1
CR_92835,1
CR_48054,1
CR_189607,1
CR_164204,0
CR_51949,1
CR_46180,1
CR_81688,1
CR_187645,1
CR_162779,1
CR_82749,1
CR_73011,1
CR_96644,1
CR_195874,1
CR_46932,1
CR_104967,1
CR_132638,1
CR_138941,1
CR_188885,1
CR_163532,1
CR_191849,1
CR_154783,1
CR_42572,1
CR_105141,0
CR_50782,1
CR_75752,1
CR_37069,1
CR_78364,1
CR_140623,1
CR_162525,1
CR_165456,1
CR_88202,1
CR_185094,1
CR_54335,1
CR_179156,1
CR_80217,1
CR_11952,1
CR_183335,1
CR_156175,1
CR_121609,1
CR_22847,1
CR_14578,1
CR_132600,1
CR_114436,1
CR_41569,1
CR_120903,1
CR_96512,1
CR_89957,1
CR_46233,1
CR_97926,1
CR_195196,1
CR_158891,1
CR_24874,1
CR_86494,1
CR_66722,1
CR_159622,1
CR_80275,1
CR_133833,1
CR_126448,1
CR_143224,1
CR_166910,1
CR_121725,1
CR_147608,1
CR_106032,1
CR_14164,1
CR_120795,1
CR_176993,1
CR_42275,1
CR_191300,1
CR_92404,1
CR_78325,1
CR_159353,1
CR_188088,1
CR_140098,1
CR_63247,1
CR_31482,1
CR_78057,1
CR_54704,0
CR_169757,1
CR_191845,1
CR_31060,1
CR_114705,1
CR_133662,1
CR_141221,1
CR_8533,1
CR_104177,1
CR_22180,1
CR_98604,1
CR_1524,1
CR_14233,1
CR_195200,1
CR_27456,1
CR_169362,1
CR_110063,1
CR_112803,1
CR_14957,1
CR_7540,1
CR_15809,1
CR_121868,0
CR_160155,1
CR_178864,1
CR_79020,1
CR_70104,1
CR_171753,1
CR_134761,1
CR_182648,1
CR_32605,1
CR_130776,1
CR_188450,1
CR_155105,1
CR_131999,1
CR_193129,1
CR_154111,1
CR_171867,1
CR_107672,1
CR_102635,0
CR_130369,1
CR_179442,1
CR_122493,1
CR_60913,1
CR_30824,1
CR_92147,1
CR_136138,1
CR_94924,1
CR_101837,1
CR_195662,1
CR_83165,1
CR_69928,1
CR_171941,1
CR_29016,1
CR_69758,1
CR_57987,1
CR_37704,1
CR_126504,1
CR_1649,1
CR_34865,1
CR_55861,1
CR_127694,1
CR_48204,1
CR_67497,1
CR_130498,1
CR_83779,1
CR_119278,1
CR_11005,1
CR_107893,1
CR_96430,1
CR_24214,1
CR_191113,1
CR_178018,1
CR_103390,0
CR_29481,1
CR_105328,1
CR_94799,1
CR_148389,1
CR_58872,1
CR_64442,1
CR_31212,1
CR_194922,1
CR_33644,1
CR_101881,1
CR_37389,1
CR_153795,1
CR_148154,1
CR_155464,1
CR_119934,1
CR_172991,1
CR_183311,1
CR_57088,1
CR_97454,1
CR_179275,1
CR_174595,1
CR_57514,1
CR_187632,1
CR_20961,1
CR_68020,1
CR_128265,1
CR_198739,1
CR_52169,1
CR_21537,1
CR_95354,1
CR_114151,1
CR_21112,1
CR_3328,1
CR_176071,1
CR_48815,1
CR_186595,1
CR_98979,1
CR_114627,1
CR_150154,1
CR_104803,1
CR_188460,1
CR_188407,0
CR_97414,1
CR_151082,1
CR_102020,1
CR_76440,1
CR_10815,0
CR_30392,1
CR_115347,1
CR_149028,1
CR_165837,1
CR_157684,1
CR_121409,1
CR_90369,1
CR_48288,1
CR_194583,1
CR_42361,1
CR_127168,1
CR_111871,1
CR_16952,1
CR_9693,1
CR_71856,1
CR_51024,1
CR_186864,1
CR_52256,1
CR_156520,1
CR_6029,1
CR_83781,1
CR_49697,1
CR_124683,1
CR_152886,1
CR_189968,0
CR_145804,1
CR_197242,1
CR_159796,1
CR_16393,1
CR_181361,1
CR_183386,1
CR_104283,1
CR_128606,1
CR_180742,1
CR_70879,1
CR_182014,1
CR_188947,0
CR_66040,1
CR_81169,1
CR_58674,1
CR_178531,1
CR_33755,0
CR_18420,1
CR_53952,1
CR_9841,0
CR_184180,1
CR_147857,1
CR_20725,1
CR_55740,1
CR_190631,1
CR_5749,1
CR_60881,1
CR_186937,1
CR_126377,1
CR_52501,1
CR_102380,1
CR_185404,1
CR_164419,1
CR_106119,1
CR_42050,1
CR_148031,1
CR_55127,1
CR_112830,1
CR_46480,1
CR_13984,1
CR_162655,1
CR_110809,1
CR_55347,1
CR_75512,1
CR_63990,1
CR_72726,1
CR_123771,1
CR_148155,1
CR_95647,1
CR_39802,1
CR_91022,1
CR_24737,1
CR_28741,0
CR_78029,1
CR_186277,1
CR_31255,1
CR_36483,0
CR_66855,1
CR_120370,1
CR_7911,1
CR_167756,1
CR_94068,1
CR_134443,1
CR_99821,1
CR_140143,1
CR_27951,1
CR_111996,1
CR_177259,1
CR_166161,1
CR_4513,1
CR_7987,1
CR_145757,1
CR_124279,1
CR_107929,1
CR_166265,1
CR_122189,1
CR_60505,1
CR_160533,0
CR_45979,1
CR_188495,0
CR_151457,1
CR_171758,1
CR_146106,1
CR_128037,1
CR_68497,1
CR_88812,1
CR_112853,1
CR_12900,1
CR_89373,1
CR_8170,1
CR_114168,1
CR_89613,1
CR_17438,1
CR_150514,1
CR_118297,1
CR_131018,1
CR_146564,1
CR_90255,1
CR_26268,1
CR_35470,1
CR_99052,1
CR_98578,1
CR_89389,0
CR_13446,1
CR_50889,1
CR_114548,1
CR_170024,1
CR_47865,1
CR_122544,1
CR_189066,1
CR_30446,1
CR_115510,1
CR_161915,1
CR_143913,1
CR_20456,1
CR_96881,1
CR_165404,1
CR_43349,1
CR_10352,1
CR_10212,1
CR_46001,1
CR_17417,1
CR_90473,1
CR_119186,1
CR_84415,1
CR_142286,1
CR_177024,1
CR_169824,1
CR_59752,1
CR_180500,1
CR_128554,1
CR_64856,1
CR_142741,1
CR_102000,1
CR_117975,1
CR_189378,1
CR_95051,1
CR_47450,0
CR_75853,1
CR_198211,1
CR_121801,1
CR_192940,1
CR_179079,1
CR_158923,1
CR_111703,1
CR_13360,1
CR_143415,1
CR_79310,1
CR_135256,1
CR_116089,1
CR_82350,1
CR_89729,1
CR_151083,1
CR_85332,1
CR_17863,1
CR_28625,1
CR_108698,1
CR_117308,1
CR_18042,1
CR_20790,1
CR_87602,1
CR_160653,1
CR_118044,1
CR_11816,1
CR_169735,1
CR_48887,1
CR_51242,0
CR_175119,1
CR_5801,1
CR_10441,1
CR_98011,1
CR_59848,1
CR_9736,1
CR_137033,1
CR_134265,1
CR_134931,1
CR_108368,1
CR_4868,1
CR_169854,1
CR_175377,1
CR_185125,1
CR_138531,1
CR_172466,1
CR_39052,1
CR_6520,1
CR_40346,1
CR_125995,0
CR_70727,1
CR_158088,1
CR_156989,1
CR_138221,1
CR_51135,1
CR_174335,1
CR_74582,1
CR_93222,0
CR_168384,1
CR_187281,1
CR_104014,1
CR_182999,1
CR_11975,1
CR_132054,1
CR_141745,1
CR_45129,1
CR_12520,1
CR_11602,1
CR_7704,1
CR_68980,1
CR_21418,1
CR_86592,1
CR_86537,1
CR_75887,1
CR_36561,1
CR_66175,1
CR_196910,1
CR_16780,1
CR_108080,1
CR_88607,1
CR_185185,1
CR_164138,1
CR_139064,1
CR_57295,1
CR_21505,1
CR_170755,1
CR_63487,1
CR_78023,1
CR_193631,1
CR_10209,1
CR_52669,1
CR_88266,1
CR_186714,1
CR_102473,1
CR_188892,1
CR_23079,1
CR_64404,1
CR_71116,1
CR_76786,1
CR_4269,1
CR_185081,1
CR_125032,1
CR_116529,1
CR_106997,1
CR_196431,0
CR_63656,1
CR_48984,1
CR_95399,1
CR_44404,1
CR_136746,1
CR_130896,1
CR_173238,1
CR_132818,1
CR_151568,1
CR_144444,1
CR_34044,1
CR_130430,1
CR_192912,1
CR_13492,1
CR_20526,0
CR_51683,1
CR_190230,1
CR_177565,1
CR_15556,1
CR_48977,1
CR_158854,1
CR_72912,1
CR_172644,1
CR_38521,1
CR_41265,1
CR_84138,1
CR_47836,1
CR_137697,1
CR_67062,1
CR_160544,1
CR_121477,1
CR_126022,1
CR_72628,1
CR_151686,1
CR_72986,1
CR_148027,1
CR_44576,1
CR_137117,1
CR_190274,1
CR_100056,1
CR_80402,1
CR_73894,1
CR_31857,1
CR_15131,1
CR_96286,1
CR_91569,0
CR_114382,1
CR_188606,1
CR_17263,1
CR_96177,1
CR_39132,1
CR_16478,1
CR_182701,1
CR_189945,1
CR_7922,1
CR_147815,1
CR_152016,1
CR_195921,1
CR_176149,1
CR_176236,1
CR_149154,1
CR_14949,1
CR_42865,1
CR_40060,1
CR_166455,1
CR_970,1
CR_128380,1
CR_42479,1
CR_129012,1
CR_66340,1
CR_82334,1
CR_41104,1
CR_54359,1
CR_118500,1
CR_73826,1
CR_81387,1
CR_186795,1
CR_72573,1
CR_197370,1
CR_176378,1
CR_46718,1
CR_134978,0
CR_65342,1
CR_173861,1
CR_86570,1
CR_148088,1
CR_170831,1
CR_126025,1
CR_190693,0
CR_18624,1
CR_169929,1
CR_142223,1
CR_136727,1
CR_160579,1
CR_136460,1
CR_194607,1
CR_118673,1
CR_133976,1
CR_126373,1
CR_167916,1
CR_115193,1
CR_79150,1
CR_137172,1
CR_191058,1
CR_31602,1
CR_131923,1
CR_6554,1
CR_109948,1
CR_102587,1
CR_83516,1
CR_24269,0
CR_179750,1
CR_81333,1
CR_173220,1
CR_43801,1
CR_7913,1
CR_48813,1
CR_133240,1
CR_6149,1
CR_27187,1
CR_141988,1
CR_6159,1
CR_98586,1
CR_194083,1
CR_137014,1
CR_99390,1
CR_156422,1
CR_30356,1
CR_96759,1
CR_59003,1
CR_19928,1
CR_18089,1
CR_4749,1
CR_171109,1
CR_76059,1
CR_165947,1
CR_51070,1
CR_21362,1
CR_134755,1
CR_148712,1
CR_106114,1
CR_103583,1
CR_35608,1
CR_28984,1
CR_89205,0
CR_92020,1
CR_105842,1
CR_27340,1
CR_75833,1
CR_185287,1
CR_144519,1
CR_17929,1
CR_45919,1
CR_150076,1
CR_42602,1
CR_92781,1
CR_185680,1
CR_67625,1
CR_11797,1
CR_18619,1
CR_65470,1
CR_67990,1
CR_91193,1
CR_113459,1
CR_17035,1
CR_195283,0
CR_61716,1
CR_38127,1
CR_4466,1
CR_144311,1
CR_113454,1
CR_50007,1
CR_165989,1
CR_180282,1
CR_131826,1
CR_40229,1
CR_92065,1
CR_117596,1
CR_175326,1
CR_157231,1
CR_160226,1
CR_163828,1
CR_113668,1
CR_194004,1
CR_52243,1
CR_37421,1
CR_5484,1
CR_176034,1
CR_73920,1
CR_180346,1
CR_76765,1
CR_52912,1
CR_14289,1
CR_137771,1
CR_47225,1
CR_23515,0
CR_117932,1
CR_138734,0
CR_172336,1
CR_28859,1
CR_5923,1
CR_114576,1
CR_21143,1
CR_158563,0
CR_72615,1
CR_88799,1
CR_138432,1
CR_176422,1
CR_69444,1
CR_67169,1
CR_36873,1
CR_125273,1
CR_12885,0
CR_178868,1
CR_192234,1
CR_22058,1
CR_86066,1
CR_13227,1
CR_47740,1
CR_96396,1
CR_67183,1
CR_82339,1
CR_61587,1
CR_197670,1
CR_123028,1
CR_42229,1
CR_85003,1
CR_100620,1
CR_150906,1
CR_180641,0
CR_46400,1
CR_143846,1
CR_189076,1
CR_167078,1
CR_110504,1
CR_75692,1
CR_108136,1
CR_85513,1
CR_22827,1
CR_187354,1
CR_94072,1
CR_139744,1
CR_162938,0
CR_45274,1
CR_127202,1
CR_181743,1
CR_125438,1
CR_142333,1
CR_9208,1
CR_107542,1
CR_51722,1
CR_65034,1
CR_191540,0
CR_64536,1
CR_51524,0
CR_21874,1
CR_190496,1
CR_25781,1
CR_11346,1
CR_67926,1
CR_169245,1
CR_102061,1
CR_176921,1
CR_58611,0
CR_148687,1
CR_75530,1
CR_21026,1
CR_33264,1
CR_127310,1
CR_129157,1
CR_2176,1
CR_51686,1
CR_197454,1
CR_129340,1
CR_177926,1
CR_37816,1
CR_72752,1
CR_11808,1
CR_151497,1
CR_47615,1
CR_135780,1
CR_79446,1
CR_44367,1
CR_167288,1
CR_168073,1
CR_186911,1
CR_115022,1
CR_101546,1
CR_50996,1
CR_21645,1
CR_78504,1
CR_151673,1
CR_152495,1
CR_162362,1
CR_163609,1
CR_53129,1
CR_43824,1
CR_53101,1
CR_37174,1
CR_111531,1
CR_148762,1
CR_35154,0
CR_171377,1
CR_24858,1
CR_132067,1
CR_180905,1
CR_30585,0
CR_109921,1
CR_82216,1
CR_3498,1
CR_62608,1
CR_134039,1
CR_85822,1
CR_5700,1
CR_116572,1
CR_153007,1
CR_100762,1
CR_126230,1
CR_186067,1
CR_196572,1
CR_9860,1
CR_103659,1
CR_125161,1
CR_161493,1
CR_15808,1
CR_91072,1
CR_3010,1
CR_186327,1
CR_69442,1
CR_140293,1
CR_8510,1
CR_141092,0
CR_106098,1
CR_66274,1
CR_115663,0
CR_99778,1
CR_100691,1
CR_80573,1
CR_136500,1
CR_37784,1
CR_101966,1
CR_117582,1
CR_116459,1
CR_153780,1
CR_126729,1
CR_156946,1
CR_195902,1
CR_29274,1
CR_69099,1
CR_166918,1
CR_60123,1
CR_134704,1
CR_133469,1
CR_83125,1
CR_103898,1
CR_33229,1
CR_121114,1
CR_148236,1
CR_1454,1
CR_64438,1
CR_75025,1
CR_157851,1
CR_44992,1
CR_156262,1
CR_122211,1
CR_81366,1
CR_63055,1
CR_119106,1
CR_130281,1
CR_169705,1
CR_88449,1
CR_121984,1
CR_97853,1
CR_51983,1
CR_156319,1
CR_32557,1
CR_181225,1
CR_146978,1
CR_168472,1
CR_149255,1
CR_19301,1
CR_182282,1
CR_195592,1
CR_63192,1
CR_31019,1
CR_156432,1
CR_24185,1
CR_126485,1
CR_141827,1
CR_29318,1
CR_45364,1
CR_136977,1
CR_75962,1
CR_53960,1
CR_58634,1
CR_36502,1
CR_47781,1
CR_119575,1
CR_31279,1
CR_148398,1
CR_142982,1
CR_93405,1
CR_53244,1
CR_85582,1
CR_197146,1
CR_162262,1
CR_3550,1
CR_38244,1
CR_159605,1
CR_157210,1
CR_185372,1
CR_130311,1
CR_129587,1
CR_84781,1
CR_27882,1
CR_68906,1
CR_83211,1
CR_150934,1
CR_184862,0
CR_176407,1
CR_174541,1
CR_74749,1
CR_100964,1
CR_96953,1
CR_27623,1
CR_170838,1
CR_165798,1
CR_146120,1
CR_166200,1
CR_141285,1
CR_64677,1
CR_10053,1
CR_131981,1
CR_25422,1
CR_49224,1
CR_183212,1
CR_123916,1
CR_111931,1
CR_129620,1
CR_14966,1
CR_23708,1
CR_134968,1
CR_93268,1
CR_112171,1
CR_71682,1
CR_14354,1
CR_129288,1
CR_114755,1
CR_95584,1
CR_155689,1
CR_140736,1
CR_107288,0
CR_39458,1
CR_110199,1
CR_29209,1
CR_160611,1
CR_132236,1
CR_130659,1
CR_129489,1
CR_108008,1
CR_71727,1
CR_73248,1
CR_65754,1
CR_107236,1
CR_143764,0
CR_181636,1
CR_34818,1
CR_75355,1
CR_108606,1
CR_65226,1
CR_197443,1
CR_165061,1
CR_184134,1
CR_182308,1
CR_139017,1
CR_12294,1
CR_144386,1
CR_198337,1
CR_79720,1
CR_160023,1
CR_21543,1
CR_149109,1
CR_198161,1
CR_109364,1
CR_124914,1
CR_175092,1
CR_79349,1
CR_76147,1
CR_128137,0
CR_183075,1
CR_127328,1
CR_157459,1
CR_152842,1
CR_115219,1
CR_121044,1
CR_176368,1
CR_9558,1
CR_12025,1
CR_37075,1
CR_45720,1
CR_150692,1
CR_6723,1
CR_99269,1
CR_58666,1
CR_158098,1
CR_1684,1
CR_14257,1
CR_15626,1
CR_50814,1
CR_160891,1
CR_49539,1
CR_14006,1
CR_125350,1
CR_186332,1
CR_62805,1
CR_190944,1
CR_121190,1
CR_111536,1
CR_59738,1
CR_103861,1
CR_128762,1
CR_14941,1
CR_75739,1
CR_165572,1
CR_137107,1
CR_123262,1
CR_23513,1
CR_145440,1
CR_192993,1
CR_49409,1
CR_141778,1
CR_189986,1
CR_162329,1
CR_166680,1
CR_105832,1
CR_185956,1
CR_190054,1
CR_134801,1
CR_34300,1
CR_138314,1
CR_156671,1
CR_7475,1
CR_132819,1
CR_26119,1
CR_195072,1
CR_75496,1
CR_88328,1
CR_173627,1
CR_151136,1
CR_24318,1
CR_188164,1
CR_157147,1
CR_74708,1
CR_21510,1
CR_135163,1
CR_169605,1
CR_111727,1
CR_62714,1
CR_107295,1
CR_71898,1
CR_121535,1
CR_104713,1
CR_11317,1
CR_162792,1
CR_162430,1
CR_187764,1
CR_121612,1
CR_136027,1
CR_179775,1
CR_130532,1
CR_63961,0
CR_167685,1
CR_45475,1
CR_70695,1
CR_135526,1
CR_165023,1
CR_9470,1
CR_117731,1
CR_98793,1
CR_157487,1
CR_30399,1
CR_12874,1
CR_158347,1
CR_128868,1
CR_30952,1
CR_109363,1
CR_176476,1
CR_115218,1
CR_172060,1
CR_23069,1
CR_30883,1
CR_11402,1
CR_10821,1
CR_106151,1
CR_147736,1
CR_169566,1
CR_144099,1
CR_157351,1
CR_74604,1
CR_170435,1
CR_84539,1
CR_187485,1
CR_48929,1
CR_169759,1
CR_20712,1
CR_186531,1
CR_40215,1
CR_177469,1
CR_33201,1
CR_113213,1
CR_22224,1
CR_26991,1
CR_91312,1
CR_112437,1
CR_62083,1
CR_32069,0
CR_107230,1
CR_60473,1
CR_67744,1
CR_124419,1
CR_61813,1
CR_10664,1
CR_165694,1
CR_154894,1
CR_36683,1
CR_138530,1
CR_7118,0
CR_191511,1
CR_167425,1
CR_134532,1
CR_157311,1
CR_195583,1
CR_114733,1
CR_55099,1
CR_13794,1
CR_193274,1
CR_61991,1
CR_161771,1
CR_149029,1
CR_181764,1
CR_132076,1
CR_25684,1
CR_180784,1
CR_100712,1
CR_3089,1
CR_107227,1
CR_78252,1
CR_66392,1
CR_57690,1
CR_186729,1
CR_136864,1
CR_169596,1
CR_117775,1
CR_166806,1
CR_173317,1
CR_14615,1
CR_179379,1
CR_1777,1
CR_177164,1
CR_14067,1
CR_156888,1
CR_195799,1
CR_23370,1
CR_129719,1
CR_100961,1
CR_142797,1
CR_18981,1
CR_126684,1
CR_155198,1
CR_69174,1
CR_190810,1
CR_9696,1
CR_148329,1
CR_195227,1
CR_90817,1
CR_159816,1
CR_11656,1
CR_46748,1
CR_126621,1
CR_81074,1
CR_159214,1
CR_71563,1
CR_96081,1
CR_147037,1
CR_34106,1
CR_156733,1
CR_156620,1
CR_43003,0
CR_28138,1
CR_28821,0
CR_10837,1
CR_128756,1
CR_30095,1
CR_78054,1
CR_53381,1
CR_54276,1
CR_110584,1
CR_136275,1
CR_7012,1
CR_127638,1
CR_161836,1
CR_50740,1
CR_12565,1
CR_102608,1
CR_59833,1
CR_67598,1
CR_121693,1
CR_86420,1
CR_76371,1
CR_3676,1
CR_15999,1
CR_194291,1
CR_186090,1
CR_127337,1
CR_59722,1
CR_36452,1
CR_171640,1
CR_170425,1
CR_35132,1
CR_4537,1
CR_139227,1
CR_125235,1
CR_111095,1
CR_128952,1
CR_183188,1
CR_14733,1
CR_38855,1
CR_80935,1
CR_157421,1
CR_39362,1
CR_28184,1
CR_56500,1
CR_56135,1
CR_36698,1
CR_80161,1
CR_40325,1
CR_633,1
CR_48960,1
CR_123332,1
CR_135037,1
CR_118269,1
CR_9507,1
CR_47734,1
CR_30872,1
CR_36684,1
CR_160288,1
CR_139300,1
CR_68332,1
CR_10234,1
CR_140461,1
CR_162713,1
CR_19847,1
CR_171651,1
CR_84072,1
CR_195535,0
CR_151453,1
CR_181286,1
CR_129416,1
CR_78191,1
CR_92429,1
CR_58114,1
CR_71988,1
CR_55832,1
CR_169070,1
CR_7949,1
CR_39705,1
CR_13329,1
CR_131166,1
CR_169551,1
CR_130953,1
CR_135896,1
CR_149005,1
CR_153851,1
CR_88424,1
CR_121816,1
CR_50738,1
CR_97281,1
CR_28575,1
CR_87828,1
CR_160850,1
CR_78385,1
CR_57072,1
CR_53908,1
CR_112026,1
CR_195585,1
CR_23885,1
CR_131362,0
CR_35465,1
CR_165620,1
CR_135540,1
CR_90506,1
CR_58008,1
CR_49974,1
CR_81856,1
CR_163003,1
CR_35284,1
CR_169686,1
CR_9371,1
CR_88498,1
CR_197879,1
CR_93462,1
CR_186461,1
CR_13585,1
CR_57263,1
CR_148691,1
CR_63911,1
CR_71808,1
CR_144727,1
CR_89404,1
CR_24372,1
CR_45996,1
CR_99517,1
CR_50968,0
CR_35493,1
CR_36277,1
CR_183808,0
CR_186950,1
CR_88682,1
CR_78774,1
CR_116367,1
CR_190269,1
CR_9248,1
CR_26686,1
CR_72584,1
CR_100296,1
CR_29883,1
CR_120362,1
CR_103906,0
CR_149678,1
CR_135857,1
CR_124376,1
CR_164381,1
CR_124989,1
CR_65873,1
CR_80955,0
CR_72924,1
CR_112356,1
CR_64531,1
CR_122261,1
CR_80742,1
CR_150982,0
CR_19533,1
CR_75285,1
CR_137373,0
CR_197925,1
CR_66721,1
CR_46272,1
CR_137167,1
CR_66286,1
CR_85797,1
CR_143328,1
CR_185816,1
CR_56812,1
CR_117695,1
CR_16342,1
CR_165896,1
CR_185091,1
CR_70097,1
CR_9933,1
CR_8035,1
CR_124794,1
CR_191908,1
CR_120687,1
CR_26551,1
CR_35868,1
CR_77860,1
CR_13145,1
CR_146577,1
CR_35308,1
CR_36633,1
CR_186226,1
CR_122194,1
CR_82612,1
CR_66277,1
CR_99636,1
CR_63007,1
CR_81345,1
CR_81203,1
CR_58956,1
CR_8416,1
CR_85097,1
CR_61304,1
CR_27877,1
CR_22325,1
CR_89536,1
CR_115813,1
CR_100723,1
CR_45315,1
CR_119433,1
CR_125088,1
CR_173856,1
CR_62380,1
CR_157212,1
CR_99827,1
CR_6989,1
CR_183798,1
CR_11484,1
CR_154815,1
CR_56732,1
CR_59907,1
CR_182054,1
CR_62617,1
CR_183141,1
CR_89845,1
CR_118234,0
CR_30764,1
CR_169916,1
CR_136938,1
CR_17616,1
CR_179641,1
CR_59270,1
CR_14477,1
CR_190859,1
CR_79626,1
CR_100434,1
CR_122092,1
CR_32025,1
CR_88790,1
CR_196125,0
CR_190953,1
CR_198658,1
CR_27311,1
CR_12467,1
CR_140074,1
CR_111076,1
CR_185528,1
CR_154054,1
CR_9623,1
CR_122120,1
CR_1217,1
CR_75248,1
CR_110072,1
CR_125247,1
CR_134253,1
CR_110742,1
CR_14608,1
CR_138701,1
CR_24187,0
CR_141197,1
CR_6120,1
CR_177704,1
CR_171222,1
CR_70210,1
CR_136058,1
CR_12167,1
CR_131912,1
CR_192808,1
CR_137676,1
CR_130429,1
CR_188386,1
CR_32231,1
CR_12091,1
CR_184753,0
CR_28660,1
CR_17720,1
CR_169832,1
CR_111793,0
CR_116922,1
CR_172511,1
CR_49587,1
CR_4474,1
CR_173496,1
CR_64487,1
CR_158420,1
CR_128485,1
CR_100515,1
CR_70149,1
CR_184187,1
CR_17243,1
CR_97748,1
CR_79238,1
CR_165590,1
CR_178796,1
CR_162138,1
CR_83949,1
CR_187773,1
CR_116772,1
CR_171056,1
CR_100532,1
CR_73902,1
CR_102029,1
CR_155834,1
CR_168103,1
CR_9587,0
CR_170739,1
CR_134571,1
CR_82536,1
CR_162613,1
CR_54639,1
CR_59781,1
CR_74172,1
CR_37645,1
CR_78025,1
CR_85628,1
CR_73103,1
CR_64983,1
CR_97909,1
CR_197685,1
CR_189404,1
CR_33575,1
CR_99744,1
CR_184918,1
CR_119751,1
CR_145014,1
CR_16081,1
CR_81234,1
CR_167899,0
CR_124732,1
CR_20136,1
CR_35567,1
CR_180683,1
CR_77088,1
CR_76758,0
CR_112345,1
CR_99686,1
CR_58053,1
CR_138777,1
CR_176903,1
CR_119392,1
CR_180485,1
CR_41649,1
CR_183747,1
CR_192319,1
CR_184473,1
CR_65540,1
CR_130846,1
CR_21786,1
CR_182117,1
CR_129117,1
CR_93117,1
CR_8845,1
CR_150844,1
CR_150804,1
CR_3387,1
CR_120763,1
CR_31215,1
CR_154794,1
CR_30371,1
CR_106192,0
CR_77987,1
CR_138754,1
CR_50831,1
CR_119752,1
CR_98582,1
CR_87593,1
CR_47028,1
CR_82646,1
CR_4204,1
CR_180892,1
CR_49468,1
CR_106504,1
CR_169485,1
CR_141164,1
CR_118947,1
CR_16950,1
CR_83202,1
CR_151894,1
CR_35277,0
CR_87045,1
CR_63597,1
CR_126059,1
CR_7463,1
CR_62106,1
CR_21427,1
CR_24614,0
CR_67067,1
CR_118254,1
CR_69536,1
CR_9294,1
CR_60548,1
CR_75549,1
CR_61425,1
CR_34024,1
CR_67471,1
CR_182806,1
CR_126050,1
CR_41097,1
CR_117256,1
CR_22184,1
CR_127260,1
CR_128729,1
CR_53678,1
CR_71398,1
CR_104457,1
CR_58450,1
CR_90358,1
CR_134479,1
CR_134434,1
CR_71317,1
CR_30411,1
CR_114570,1
CR_64449,1
CR_59829,1
CR_139200,1
CR_181065,1
CR_64153,1
CR_47272,1
CR_136320,1
CR_61395,1
CR_112775,1
CR_125176,1
CR_187982,1
CR_135175,1
CR_6465,1
CR_132736,1
CR_171422,1
CR_5679,1
CR_141056,0
CR_10565,1
CR_157292,1
CR_59087,1
CR_104381,1
CR_143573,0
CR_183935,1
CR_32896,1
CR_179908,1
CR_112743,1
CR_165344,1
CR_98228,1
CR_7584,1
CR_132739,1
CR_76561,1
CR_45125,1
CR_196992,1
CR_145838,1
CR_73798,1
CR_51290,1
CR_87051,1
CR_188597,1
CR_92299,1
CR_180067,1
CR_142630,1
CR_2099,1
CR_37021,1
CR_94935,1
CR_129448,0
CR_117568,0
CR_35539,1
CR_140026,1
CR_32311,1
CR_147526,1
CR_47427,1
CR_132354,1
CR_189297,1
CR_181696,1
CR_35799,1
CR_170731,1
CR_13300,1
CR_58556,1
CR_160352,1
CR_194318,1
CR_155173,1
CR_86398,1
CR_46143,1
CR_87076,1
CR_60648,1
CR_80272,1
CR_191343,0
CR_48760,1
CR_7895,1
CR_105857,1
CR_10907,1
CR_59946,1
CR_10451,1
CR_71207,1
CR_69424,1
CR_181618,0
CR_46527,1
CR_178411,1
CR_196482,1
CR_61912,1
CR_124073,1
CR_172950,1
CR_134461,1
CR_71322,0
CR_57808,1
CR_105368,1
CR_155377,1
CR_11646,1
CR_130244,1
CR_32967,1
CR_122397,1
CR_61206,1
CR_10435,0
CR_139386,0
CR_111402,1
CR_146157,0
CR_193674,1
CR_192513,1
CR_163076,1
CR_106148,1
CR_49374,1
CR_141821,1
CR_45053,1
CR_55530,1
CR_97170,1
CR_80124,1
CR_72055,1
CR_39065,1
CR_188793,1
CR_69508,1
CR_89445,1
CR_71087,1
CR_103848,1
CR_109686,1
CR_114986,1
CR_119608,1
CR_150812,1
CR_158386,1
CR_45441,1
CR_171226,1
CR_63235,1
CR_129407,1
CR_107605,1
CR_120736,1
CR_145444,1
CR_166319,1
CR_192237,1
CR_180409,1
CR_65427,1
CR_69284,1
CR_111597,0
CR_35430,1
CR_157954,1
CR_82664,1
CR_175007,1
CR_189051,1
CR_167572,1
CR_17159,1
CR_77480,1
CR_110598,1
CR_50566,1
CR_175510,1
CR_103211,1
CR_149408,1
CR_94940,1
CR_109410,1
CR_154496,1
CR_164694,1
CR_7790,1
CR_61045,1
CR_36313,1
CR_186286,1
CR_169227,1
CR_134020,1
CR_85744,1
CR_36924,1
CR_45324,1
CR_53622,1
CR_115566,1
CR_155862,1
CR_148816,1
CR_154663,1
CR_57866,1
CR_58937,1
CR_130176,1
CR_74237,1
CR_94763,1
CR_167114,1
CR_58371,1
CR_168475,1
CR_147310,1
CR_147694,1
CR_24979,1
CR_80188,1
CR_55665,1
CR_109084,1
CR_32767,1
CR_49135,1
CR_184881,1
CR_62849,1
CR_13193,1
CR_119167,1
CR_161172,1
CR_133040,1
CR_99030,1
CR_159866,1
CR_127642,1
CR_7337,1
CR_162432,1
CR_148809,1
CR_116834,1
CR_70002,1
CR_185555,1
CR_78530,1
CR_127671,1
CR_11718,1
CR_191373,1
CR_1290,1
CR_136968,1
CR_85586,1
CR_117394,0
CR_98199,1
CR_67500,1
CR_58354,1
CR_151668,1
CR_178770,1
CR_163154,1
CR_95336,0
CR_32400,1
CR_124354,1
CR_91333,1
CR_92135,1
CR_151810,1
CR_5684,1
CR_122923,1
CR_25104,1
CR_17690,1
CR_113816,1
CR_154530,1
CR_101720,1
CR_19358,1
CR_137509,1
CR_83905,1
CR_94565,1
CR_26289,1
CR_168479,1
CR_72157,1
CR_74863,1
CR_51404,1
CR_125101,1
CR_175054,1
CR_22289,1
CR_117078,1
CR_7301,1
CR_155945,1
CR_18989,1
CR_76613,1
CR_28070,1
CR_103717,0
CR_160804,1
CR_179524,1
CR_119890,1
CR_116472,1
CR_75940,1
CR_103149,1
CR_173708,1
CR_82385,1
CR_55115,1
CR_77340,1
CR_55230,1
CR_136502,1
CR_68905,1
CR_76176,1
CR_15880,1
CR_148617,1
CR_186719,1
CR_137962,1
CR_120288,1
CR_55678,1
CR_114515,1
CR_198365,1
CR_107667,1
CR_65439,1
CR_62855,1
CR_119200,1
CR_143361,1
CR_129883,1
CR_30336,1
CR_89129,1
CR_11170,1
CR_46753,1
CR_194068,0
CR_174384,1
CR_66233,1
CR_16417,1
CR_59796,1
CR_7003,1
CR_31262,1
CR_195249,1
CR_168598,0
CR_127229,1
CR_117588,1
CR_69411,1
CR_20124,1
CR_3232,1
CR_90972,1
CR_10868,1
CR_150406,1
CR_155476,1
CR_150238,1
CR_74667,1
CR_84096,1
CR_53941,1
CR_88616,1
CR_47414,1
CR_56142,1
CR_99358,1
CR_46804,1
CR_96115,1
CR_22443,1
CR_126240,1
CR_55840,1
CR_38198,1
CR_171002,1
CR_185799,1
CR_197779,1
CR_3825,1
CR_41810,1
CR_139096,1
CR_136556,1
CR_144860,1
CR_164994,1
CR_58692,1
CR_162042,1
CR_22209,1
CR_142800,1
CR_181675,1
CR_142801,1
CR_81186,1
CR_110021,0
CR_183898,1
CR_85140,1
CR_110161,1
CR_164337,1
CR_189403,1
CR_61546,1
CR_178407,1
CR_44544,1
CR_74005,1
CR_5784,1
CR_11670,1
CR_42466,1
CR_149437,1
CR_127211,1
CR_19396,1
CR_193793,1
CR_6932,1
CR_167067,1
CR_45765,1
CR_5075,1
CR_125893,1
CR_135187,1
CR_13680,1
CR_186813,1
CR_926,1
CR_26412,1
CR_159387,1
CR_181863,1
CR_25893,1
CR_66767,1
CR_180159,1
CR_50032,1
CR_7439,1
CR_88897,1
CR_27825,1
CR_187637,1
CR_12976,1
CR_43550,1
CR_184190,1
CR_79188,1
CR_172618,1
CR_15876,1
CR_89236,1
CR_133859,1
CR_80248,1
CR_38851,1
CR_116668,1
CR_76566,1
CR_70846,1
CR_123099,1
CR_5246,1
CR_18261,0
CR_158517,1
CR_117471,1
CR_96277,1
CR_173464,1
CR_140531,0
CR_167705,1
CR_29065,1
CR_47831,0
CR_130089,1
CR_192943,0
CR_174219,1
CR_175923,1
CR_63949,1
CR_48435,1
CR_47429,1
CR_74374,1
CR_116688,1
CR_34681,1
CR_96877,1
CR_139363,1
CR_167026,1
CR_52893,1
CR_19349,1
CR_74338,1
CR_196445,1
CR_134106,1
CR_74150,1
CR_142619,1
CR_89856,1
CR_85047,1
CR_77930,1
CR_123586,1
CR_1597,1
CR_69370,1
CR_121380,1
CR_88333,1
CR_98400,1
CR_30178,1
CR_122302,1
CR_81967,1
CR_48543,1
CR_172376,1
CR_51087,1
CR_167058,1
CR_1439,1
CR_27391,1
CR_64972,1
CR_70579,1
CR_42804,1
CR_119411,1
CR_95993,0
CR_23716,0
CR_150824,1
CR_176698,1
CR_109552,1
CR_40660,1
CR_98107,1
CR_182169,1
CR_85254,1
CR_87207,1
CR_117910,1
CR_115201,1
CR_198260,1
CR_50845,1
CR_68091,1
CR_141773,1
CR_171042,1
CR_43017,1
CR_97766,1
CR_178533,1
CR_182769,1
CR_65796,1
CR_135089,1
CR_51859,1
CR_123802,1
CR_142183,1
CR_124990,0
CR_24515,1
CR_39215,1
CR_182988,1
CR_12485,1
CR_103341,1
CR_158738,1
CR_116959,1
CR_164053,1
CR_57268,1
CR_17626,1
CR_69608,1
CR_195406,0
CR_156015,1
CR_194436,0
CR_164566,1
CR_41776,1
CR_44223,1
CR_171128,1
CR_108961,1
CR_162631,1
CR_98969,1
CR_60143,1
CR_34328,1
CR_8791,1
CR_17985,1
CR_170383,1
CR_129669,1
CR_67028,1
CR_124512,1
CR_47821,0
CR_60436,1
CR_131614,1
CR_140181,1
CR_31635,1
CR_174908,1
CR_33479,1
CR_104089,1
CR_89590,1
CR_179854,1
CR_80780,1
CR_182681,1
CR_89695,1
CR_196946,1
CR_125364,1
CR_156131,1
CR_44007,1
CR_105045,1
CR_124519,1
CR_20821,1
CR_41347,1
CR_51685,1
CR_40981,1
CR_125971,1
CR_165161,1
CR_31275,1
CR_42914,1
CR_20467,1
CR_150115,1
CR_124183,1
CR_14427,0
CR_126190,1
CR_90725,1
CR_41264,1
CR_82003,1
CR_135387,1
CR_32240,1
CR_115007,1
CR_182300,1
CR_13132,1
CR_149605,1
CR_181303,1
CR_77508,1
CR_7056,1
CR_197845,1
CR_66097,1
CR_12344,1
CR_90841,1
CR_2304,1
CR_59778,1
CR_158056,1
CR_19193,1
CR_154153,1
CR_131503,1
CR_193767,0
CR_96220,1
CR_31900,1
CR_5559,1
CR_166041,1
CR_76830,1
CR_162178,1
CR_71593,1
CR_1837,1
CR_196065,1
CR_11250,1
CR_94285,1
CR_94937,1
CR_165635,1
CR_179587,1
CR_54659,1
CR_35825,1
CR_37737,1
CR_71746,1
CR_185644,1
CR_197751,1
CR_185978,1
CR_136433,0
CR_79051,1
CR_113329,1
CR_71532,1
CR_69263,1
CR_20869,1
CR_62020,1
CR_6986,1
CR_26057,1
CR_148587,1
CR_27915,1
CR_129869,1
CR_180103,1
CR_133761,1
CR_98370,1
CR_92644,1
CR_22505,1
CR_43905,1
CR_129538,1
CR_168763,1
CR_182012,1
CR_195758,1
CR_4836,1
CR_44974,1
CR_96237,1
CR_74460,1
CR_76877,1
CR_21025,1
CR_104946,1
CR_72341,1
CR_190997,1
CR_196674,1
CR_10752,1
CR_133377,1
CR_117330,0
CR_94313,1
CR_166615,1
CR_93287,1
CR_106564,1
CR_153748,1
CR_101115,1
CR_19630,1
CR_178085,1
CR_102255,1
CR_949,1
CR_2668,1
CR_197119,1
CR_37845,1
CR_114086,1
CR_161171,1
CR_95060,1
CR_10036,1
CR_158198,1
CR_142030,1
CR_174508,1
CR_129751,1
CR_35659,1
CR_60486,1
CR_49696,1
CR_95173,1
CR_176941,1
CR_8061,1
CR_171521,1
CR_48606,1
CR_10797,1
CR_143095,1
CR_76823,1
CR_37543,1
CR_171690,1
CR_134109,0
CR_115910,1
CR_186404,1
CR_178165,1
CR_162941,1
CR_138876,1
CR_170735,1
CR_165862,1
CR_196512,1
CR_187973,1
CR_23307,1
CR_89067,1
CR_166487,1
CR_82089,1
CR_148387,1
CR_92707,1
CR_11998,1
CR_58293,1
CR_108423,1
CR_42662,1
CR_53445,1
CR_170541,1
CR_5091,0
CR_82938,1
CR_140917,1
CR_9047,1
CR_33826,1
CR_23169,1
CR_170971,1
CR_158150,1
CR_56701,1
CR_181102,1
CR_122364,1
CR_99790,1
CR_64928,1
CR_10271,1
CR_148473,1
CR_152714,0
CR_59820,1
CR_62421,0
CR_78183,1
CR_53957,1
CR_118516,1
CR_82132,1
CR_33932,1
CR_63595,1
CR_73114,1
CR_35655,1
CR_184257,1
CR_147847,1
CR_143206,1
CR_145454,1
CR_71599,1
CR_60289,1
CR_65570,1
CR_127569,1
CR_74241,1
CR_49902,1
CR_56611,1
CR_171569,1
CR_188966,1
CR_80242,1
CR_118973,1
CR_33370,1
CR_103630,1
CR_154712,1
CR_73068,1
CR_15042,1
CR_87456,1
CR_134766,0
CR_29216,1
CR_136874,1
CR_135609,1
CR_89832,1
CR_6718,1
CR_46079,1
CR_35846,1
CR_95218,1
CR_12230,1
CR_8836,1
CR_142693,1
CR_170251,1
CR_127770,1
CR_146768,1
CR_115476,1
CR_136409,1
CR_139675,1
CR_182781,1
CR_13239,1
CR_92113,1
CR_193653,1
CR_185987,1
CR_139525,1
CR_40544,1
CR_102494,1
CR_125902,1
CR_141627,1
CR_81997,1
CR_110621,1
CR_107550,1
CR_162858,1
CR_11583,1
CR_135564,1
CR_62272,1
CR_165350,1
CR_117497,0
CR_98302,1
CR_68503,1
CR_7192,1
CR_192084,1
CR_3394,1
CR_186317,1
CR_112090,1
CR_123417,1
CR_141517,1
CR_11712,1
CR_136649,1
CR_50274,1
CR_91364,1
CR_69866,1
CR_13955,1
CR_30037,1
CR_70204,0
CR_138646,1
CR_92531,1
CR_124984,1
CR_49573,1
CR_165788,1
CR_118072,1
CR_75279,0
CR_60842,1
CR_156420,1
CR_21127,1
CR_155149,1
CR_49556,1
CR_154282,1
CR_51014,1
CR_67962,1
CR_86375,1
CR_122916,1
CR_17581,1
CR_103626,1
CR_167312,1
CR_61223,1
CR_97001,1
CR_137521,1
CR_144013,1
CR_105347,1
CR_24299,1
CR_102737,1
CR_140726,1
CR_79737,0
CR_44098,1
CR_49304,1
CR_103087,1
CR_176157,1
CR_152382,1
CR_143541,1
CR_53239,1
CR_61312,1
CR_15341,1
CR_72891,1
CR_59850,1
CR_141347,1
CR_62117,1
CR_62937,1
CR_126432,1
CR_109806,1
CR_75387,1
CR_138316,1
CR_123868,1
CR_98677,1
CR_143643,1
CR_22432,1
CR_124615,1
CR_28726,1
CR_23279,1
CR_105939,1
CR_68708,1
CR_167009,1
CR_37957,1
CR_183189,1
CR_56610,1
CR_48165,1
CR_189363,1
CR_160339,1
CR_150382,1
CR_186593,1
CR_80083,1
CR_45515,1
CR_65534,1
CR_119648,1
CR_47575,1
CR_190543,1
CR_169372,1
CR_7990,1
CR_83461,1
CR_84989,1
CR_57531,1
CR_96929,1
CR_174876,1
CR_145705,1
CR_174681,1
CR_167550,1
CR_91159,1
CR_80739,1
CR_198587,1
CR_39364,1
CR_98088,1
CR_29204,1
CR_91778,1
CR_165152,1
CR_28459,1
CR_146827,1
CR_105874,1
CR_113952,1
CR_121992,0
CR_155745,1
CR_179404,1
CR_98144,1
CR_1629,1
CR_85506,1
CR_126536,1
CR_41900,1
CR_166237,1
CR_170375,1
CR_161881,1
CR_146938,1
CR_112824,1
CR_28816,1
CR_156564,1
CR_89193,1
CR_174336,1
CR_172395,1
CR_177579,1
CR_49259,1
CR_124143,1
CR_184551,1
CR_156118,1
CR_65071,1
CR_144758,1
CR_51216,1
CR_41045,1
CR_94542,1
CR_100623,1
CR_147790,1
CR_34166,1
CR_37308,1
CR_72091,1
CR_82175,1
CR_188841,1
CR_100322,1
CR_117026,1
CR_18843,1
CR_103345,1
CR_119739,1
CR_16066,1
CR_135472,1
CR_36336,1
CR_49909,1
CR_38660,1
CR_74609,1
CR_145809,1
CR_191427,1
CR_125799,1
CR_194574,1
CR_155422,1
CR_11973,1
CR_134567,1
CR_48566,1
CR_64799,1
CR_60800,1
CR_149624,1
CR_177949,0
CR_180042,1
CR_136485,1
CR_98362,1
CR_123469,1
CR_129863,1
CR_177482,0
CR_14111,1
CR_58021,0
CR_68892,1
CR_185255,1
CR_137423,1
CR_94697,1
CR_71089,1
CR_170692,1
CR_51094,1
CR_188862,1
CR_193957,1
CR_177462,1
CR_88784,1
CR_149189,1
CR_169492,1
CR_75070,1
CR_142164,1
CR_152424,1
CR_179698,1
CR_116387,1
CR_30443,1
CR_33251,1
CR_58642,1
CR_16153,1
CR_172994,1
CR_96187,1
CR_70034,0
CR_128519,1
CR_57942,1
CR_133441,1
CR_146067,1
CR_151087,1
CR_177530,1
CR_53738,1
CR_152968,1
CR_121800,1
CR_73791,1
CR_100212,1
CR_192146,1
CR_120324,1
CR_126006,1
CR_28118,1
CR_21352,1
CR_127944,1
CR_118861,1
CR_158793,1
CR_74053,1
CR_78478,1
CR_137283,1
CR_48447,1
CR_64770,1
CR_145234,1
CR_111145,1
CR_157493,1
CR_18484,1
CR_105445,1
CR_89176,1
CR_39369,1
CR_72562,1
CR_64424,1
CR_182065,1
CR_28210,1
CR_45647,1
CR_116045,1
CR_23254,1
CR_103284,1
CR_4231,1
CR_61177,1
CR_11884,1
CR_46245,1
CR_112064,1
CR_89315,1
CR_4436,1
CR_35678,1
CR_106433,1
CR_31373,1
CR_5486,1
CR_170849,1
CR_86493,1
CR_164080,1
CR_58117,1
CR_36438,1
CR_172540,1
CR_109901,1
CR_125292,1
CR_168141,1
CR_122162,1
CR_10263,1
CR_33572,1
CR_107616,1
CR_128291,0
CR_176133,1
CR_6923,1
CR_97401,1
CR_10360,1
CR_180176,1
CR_116660,1
CR_34315,1
CR_91558,1
CR_162400,1
CR_147880,1
CR_55661,1
CR_143963,1
CR_174125,0
CR_197246,1
CR_170378,1
CR_124210,1
CR_109499,1
CR_10817,1
CR_17463,1
CR_71017,1
CR_38971,1
CR_78300,1
CR_99127,1
CR_74341,1
CR_38016,1
CR_126573,0
CR_142814,1
CR_2069,1
CR_10315,1
CR_82983,1
CR_68571,1
CR_164081,1
CR_67210,1
CR_61638,1
CR_6903,1
CR_88992,1
CR_95900,1
CR_102536,1
CR_12469,1
CR_187618,1
CR_103929,1
CR_96356,1
CR_97943,1
CR_63505,1
CR_181556,1
CR_17996,1
CR_188861,1
CR_167064,1
CR_158416,1
CR_2537,1
CR_60594,1
CR_13108,1
CR_115845,1
CR_95348,1
CR_68025,1
CR_135522,1
CR_169455,1
CR_145591,1
CR_76447,1
CR_123342,1
CR_41003,1
CR_50722,1
CR_110065,0
CR_19695,1
CR_73134,1
CR_20990,1
CR_138377,1
CR_87077,1
CR_26773,1
CR_167578,1
CR_51822,1
CR_28683,1
CR_31211,1
CR_156059,1
CR_91572,1
CR_32889,1
CR_182535,1
CR_97453,1
CR_170107,1
CR_133813,1
CR_87819,1
CR_161280,1
CR_174244,1
CR_176031,1
CR_110262,1
CR_16632,1
CR_147969,1
CR_182265,1
CR_185061,1
CR_140441,1
CR_191313,1
CR_177506,1
CR_127764,1
CR_127543,1
CR_148764,1
CR_99937,1
CR_129459,1
CR_17861,1
CR_26879,1
CR_89381,1
CR_39377,1
CR_188273,1
CR_53267,1
CR_120995,1
CR_188627,1
CR_74860,1
CR_190471,1
CR_53792,1
CR_57837,1
CR_18233,1
CR_116154,0
CR_19288,1
CR_194622,1
CR_120004,1
CR_185630,1
CR_25546,1
CR_149826,1
CR_110763,1
CR_97191,1
CR_104029,1
CR_187504,1
CR_193195,1
CR_190255,1
CR_38112,1
CR_47938,0
CR_174693,1
CR_56204,1
CR_195321,1
CR_195146,1
CR_15644,0
CR_63950,1
CR_127403,1
CR_46361,1
CR_39864,1
CR_37667,1
CR_89640,0
CR_171998,1
CR_187997,1
CR_73470,1
CR_92468,1
CR_88079,1
CR_161936,1
CR_28773,1
CR_74010,1
CR_134633,1
CR_5607,1
CR_45221,1
CR_79593,1
CR_134118,1
CR_109904,1
CR_105709,1
CR_121159,1
CR_119578,1
CR_140078,1
CR_145855,1
CR_12692,1
CR_150701,1
CR_98003,1
CR_141701,1
CR_134759,1
CR_163201,1
CR_73050,1
CR_140460,1
CR_98440,1
CR_12802,1
CR_52468,0
CR_63245,1
CR_108119,1
CR_146766,1
CR_172705,1
CR_155186,1
CR_3814,1
CR_102692,1
CR_62070,0
CR_169163,1
CR_173583,1
CR_79183,1
CR_111642,0
CR_109038,1
CR_77650,1
CR_127400,1
CR_116827,1
CR_105781,1
CR_23921,1
CR_178647,1
CR_10721,1
CR_34120,1
CR_190609,1
CR_190450,1
CR_8945,1
CR_26788,1
CR_5878,1
CR_13505,1
CR_93645,1
CR_50070,1
CR_35119,1
CR_182479,1
CR_160446,1
CR_148345,1
CR_197345,1
CR_3148,1
CR_31807,1
CR_133550,1
CR_168120,1
CR_96461,1
CR_141914,1
CR_31818,1
CR_38548,1
CR_175813,1
CR_144166,1
CR_157886,1
CR_167366,1
CR_42060,1
CR_50048,1
CR_72354,1
CR_138383,1
CR_25051,1
CR_141862,1
CR_35934,1
CR_173779,1
CR_73579,1
CR_100610,1
CR_91057,1
CR_70016,1
CR_168848,1
CR_100183,1
CR_42610,1
CR_10579,1
CR_88777,1
CR_182680,1
CR_10443,1
CR_172339,1
CR_77367,1
CR_125561,1
CR_75074,1
CR_101179,1
CR_26167,1
CR_176113,1
CR_153571,1
CR_89303,1
CR_6115,1
CR_169825,1
CR_140244,0
CR_50429,1
CR_191530,1
CR_123275,1
CR_35749,1
CR_184062,1
CR_191204,1
CR_132306,1
CR_187514,1
CR_96464,1
CR_114732,1
CR_107492,1
CR_163739,1
CR_129535,1
CR_3567,1
CR_37916,1
CR_62839,0
CR_192469,1
CR_60374,1
CR_118159,1
CR_9566,1
CR_58487,1
CR_108161,1
CR_156454,1
CR_160535,1
CR_151139,1
CR_4747,1
CR_75253,1
CR_1546,1
CR_51910,1
CR_164774,1
CR_198631,1
CR_41341,1
CR_109658,1
CR_107678,1
CR_84670,1
CR_80109,1
CR_57795,1
CR_119480,1
CR_11275,1
CR_146130,1
CR_142415,1
CR_51398,1
CR_120556,0
CR_41237,1
CR_46059,1
CR_75890,1
CR_6336,1
CR_160166,1
CR_150437,1
CR_177616,1
CR_159573,1
CR_50464,0
CR_31386,1
CR_22022,1
CR_184229,1
CR_182682,1
CR_172310,0
CR_181560,1
CR_83396,1
CR_46463,1
CR_13696,1
CR_118402,1
CR_88371,1
CR_131509,1
CR_164043,1
CR_113857,1
CR_26842,1
CR_2863,1
CR_111812,1
CR_83539,1
CR_164690,1
CR_40003,1
CR_186104,0
CR_117611,1
CR_80517,1
CR_96494,1
CR_2602,1
CR_7460,1
CR_59701,1
CR_141343,1
CR_45199,1
CR_40074,1
CR_85706,1
CR_150865,1
CR_176619,0
CR_196882,1
CR_151145,1
CR_81626,1
CR_111364,1
CR_22892,1
CR_121674,1
CR_182247,1
CR_73448,1
CR_9575,1
CR_195556,1
CR_198769,1
CR_195933,1
CR_113970,1
CR_3580,1
CR_192877,1
CR_71888,1
CR_28314,1
CR_119907,0
CR_153347,1
CR_136707,1
CR_127475,0
CR_145446,1
CR_53227,1
CR_31287,0
CR_35388,1
CR_161447,1
CR_25657,0
CR_2443,1
CR_167321,1
CR_33015,1
CR_52035,1
CR_181550,1
CR_138858,1
CR_129293,1
CR_62895,1
CR_146901,1
CR_193014,1
CR_193196,1
CR_127496,1
CR_181796,1
CR_2978,1
CR_185472,1
CR_42115,1
CR_116653,1
CR_2486,1
CR_28255,1
CR_91275,1
CR_180271,1
CR_13679,1
CR_126840,1
CR_14861,1
CR_144319,1
CR_184087,1
CR_151503,1
CR_122235,1
CR_50888,1
CR_189682,1
CR_6875,1
CR_494,1
CR_100048,1
CR_125324,1
CR_69151,1
CR_84678,1
CR_65743,1
CR_43955,1
CR_118743,1
CR_165314,1
CR_106752,1
CR_69768,1
CR_115008,1
CR_57428,0
CR_179624,1
CR_98498,1
CR_13383,1
CR_162106,1
CR_47553,1
CR_13729,1
CR_88211,1
CR_163900,1
CR_20303,1
CR_72799,1
CR_94836,1
CR_166750,1
CR_109402,1
CR_169933,1
CR_12043,1
CR_163577,1
CR_68505,1
CR_165744,1
CR_184746,1
CR_993,1
CR_113548,1
CR_115556,1
CR_88606,1
CR_23527,1
CR_22085,1
CR_122311,1
CR_123177,1
CR_53225,1
CR_94126,1
CR_177918,1
CR_108263,1
CR_43909,1
CR_102937,1
CR_45879,1
CR_173949,1
CR_104699,1
CR_15862,1
CR_86285,1
CR_5957,1
CR_39628,1
CR_184947,1
CR_108728,1
CR_143634,1
CR_1537,0
CR_144305,1
CR_7195,1
CR_69379,1
CR_146082,1
CR_16525,1
CR_10851,1
CR_78699,1
CR_81272,1
CR_744,1
CR_84350,1
CR_106884,0
CR_78439,1
CR_170216,1
CR_162755,1
CR_154951,1
CR_85958,1
CR_60651,1
CR_119253,1
CR_61737,1
CR_1696,1
CR_27770,1
CR_40720,0
CR_134224,1
CR_94589,1
CR_91824,1
CR_55619,1
CR_31062,1
CR_197262,1
CR_176863,1
CR_143157,1
CR_58432,1
CR_1177,1
CR_179685,1
CR_22700,1
CR_57549,1
CR_165757,1
CR_43012,1
CR_130028,1
CR_153192,1
CR_148610,1
CR_111489,1
CR_160818,1
CR_13781,1
CR_139097,1
CR_192692,1
CR_129200,1
CR_158972,1
CR_181976,1
CR_40140,1
CR_191112,1
CR_152020,1
CR_179912,1
CR_51326,0
CR_5324,1
CR_160807,1
CR_110437,1
CR_171610,1
CR_131885,1
CR_119247,1
CR_120201,1
CR_43111,1
CR_165443,1
CR_177296,0
CR_63576,1
CR_115321,1
CR_29260,1
CR_45948,1
CR_176383,1
CR_145185,1
CR_152759,1
CR_69995,1
CR_91946,1
CR_197853,1
CR_195385,1
CR_175070,1
CR_31374,1
CR_47985,1
CR_113239,1
CR_108154,1
CR_2612,1
CR_147496,1
CR_137416,1
CR_25026,1
CR_59742,1
CR_100750,1
CR_5967,1
CR_109480,1
CR_64973,1
CR_6161,1
CR_5346,1
CR_42492,1
CR_163744,1
CR_39161,1
CR_23053,1
CR_55441,1
CR_195184,1
CR_115486,1
CR_150948,1
CR_110995,1
CR_36655,1
CR_31820,1
CR_49588,1
CR_121299,1
CR_62350,1
CR_41722,1
CR_141086,1
CR_165566,1
CR_21717,1
CR_66873,0
CR_162215,1
CR_15934,1
CR_21022,1
CR_93289,1
CR_171673,1
CR_79557,1
CR_169277,1
CR_81156,1
CR_89944,1
CR_131748,1
CR_66421,1
CR_84503,1
CR_5249,1
CR_44116,1
CR_153318,0
CR_173243,1
CR_60101,1
CR_156167,1
CR_106005,1
CR_57994,1
CR_94507,1
CR_103066,0
CR_121219,1
CR_14405,1
CR_103628,1
CR_25559,1
CR_115287,1
CR_66483,1
CR_83201,1
CR_164557,1
CR_91985,1
CR_15962,1
CR_95117,1
CR_186105,1
CR_36045,1
CR_95616,1
CR_17670,1
CR_132365,1
CR_169418,1
CR_89361,1
CR_144387,1
CR_30527,1
CR_22237,1
CR_86445,1
CR_158916,1
CR_25376,1
CR_121120,1
CR_89323,1
CR_148317,1
CR_1016,1
CR_164924,1
CR_145759,1
CR_119458,1
CR_101538,1
CR_25985,1
CR_175040,1
CR_71305,0
CR_116960,1
CR_135959,1
CR_94896,1
CR_66735,0
CR_195680,1
CR_88104,1
CR_144849,1
CR_117103,1
CR_87550,0
CR_3604,1
CR_9225,1
CR_167314,1
CR_10590,1
CR_154596,1
CR_73749,1
CR_132604,1
CR_115635,1
CR_23241,1
CR_73759,1
CR_54495,0
CR_16973,1
CR_80078,1
CR_160938,1
CR_137063,1
CR_86902,1
CR_136254,1
CR_139631,1
CR_120477,1
CR_145118,1
CR_17955,1
CR_192320,1
CR_149629,1
CR_118568,1
CR_32046,1
CR_58650,1
CR_28185,1
CR_2205,1
CR_148956,1
CR_67172,1
CR_135223,1
CR_189002,1
CR_74397,1
CR_57151,1
CR_118355,1
CR_136438,1
CR_184737,1
CR_114505,1
CR_173393,1
CR_3053,1
CR_116180,1
CR_88154,1
CR_136446,1
CR_18218,1
CR_190311,1
CR_39571,1
CR_85194,1
CR_143448,1
CR_174996,1
CR_97041,1
CR_112291,0
CR_30426,1
CR_184804,1
CR_169650,1
CR_188341,1
CR_175794,1
CR_92623,1
CR_88055,0
CR_78351,1
CR_146677,1
CR_31592,1
CR_1132,1
CR_48985,1
CR_4313,1
CR_41244,1
CR_164142,1
CR_77078,1
CR_131639,1
CR_66830,1
CR_74628,1
CR_107809,1
CR_146053,1
CR_6378,1
CR_31655,1
CR_33060,1
CR_70333,1
CR_183593,1
CR_81070,1
CR_35051,1
CR_16917,1
CR_128387,1
CR_102535,1
CR_172099,1
CR_59066,1
CR_10930,1
CR_168207,1
CR_33656,1
CR_120163,1
CR_72785,1
CR_17632,1
CR_98166,1
CR_154021,1
CR_77993,1
CR_151287,1
CR_72794,1
CR_92946,1
CR_15878,1
CR_51894,1
CR_109019,1
CR_179920,1
CR_37922,1
CR_29205,1
CR_185706,1
CR_104249,1
CR_182261,1
CR_78934,1
CR_30094,1
CR_99177,1
CR_8457,1
CR_142944,1
CR_2692,1
CR_169990,1
CR_69567,1
CR_17726,1
CR_182031,1
CR_95513,0
CR_7649,1
CR_156017,1
CR_181046,1
CR_39181,1
CR_173950,1
CR_3632,1
CR_65497,1
CR_103838,0
CR_59561,1
CR_88045,1
CR_44678,1
CR_198237,1
CR_194479,0
CR_174187,1
CR_151886,1
CR_15848,1
CR_145858,1
CR_189761,1
CR_101641,1
CR_113361,1
CR_142236,1
CR_120960,1
CR_183748,1
CR_64599,1
CR_102762,1
CR_98973,1
CR_118046,1
CR_130255,1
CR_77748,1
CR_144210,1
CR_41189,1
CR_12763,1
CR_76535,1
CR_139445,1
CR_62703,1
CR_78670,1
CR_88637,1
CR_78171,1
CR_100111,1
CR_19442,1
CR_173702,1
CR_169219,1
CR_196315,1
CR_23353,0
CR_141805,1
CR_74991,1
CR_154602,1
CR_184110,1
CR_196286,1
CR_66218,1
CR_140265,1
CR_40600,1
CR_21273,1
CR_152601,1
CR_3088,1
CR_43494,1
CR_183835,1
CR_142411,1
CR_114416,1
CR_28373,1
CR_86551,1
CR_107759,1
CR_183819,1
CR_8729,1
CR_72130,1
CR_176081,1
CR_154341,1
CR_110213,1
CR_132135,1
CR_180745,1
CR_139014,1
CR_94454,1
CR_42940,1
CR_144301,1
CR_38210,1
CR_68489,1
CR_108381,1
CR_9466,1
CR_64757,1
CR_56664,1
CR_145896,1
CR_22525,1
CR_182339,1
CR_166358,1
CR_191998,1
CR_118770,1
CR_45949,1
CR_186227,1
CR_104246,1
CR_67619,1
CR_35494,1
CR_29981,1
CR_4797,1
CR_117885,1
CR_79776,1
CR_52752,1
CR_174358,1
CR_125412,1
CR_5786,1
CR_121392,1
CR_81403,1
CR_46369,1
CR_168111,1
CR_41671,1
CR_135149,1
CR_188161,1
CR_118822,1
CR_67892,1
CR_50780,1
CR_89902,1
CR_86663,1
CR_16292,1
CR_195178,1
CR_154730,1
CR_103183,1
CR_7345,1
CR_10681,1
CR_123170,1
CR_46012,1
CR_161147,1
CR_51361,1
CR_179393,1
CR_183409,1
CR_55605,1
CR_30888,1
CR_41876,1
CR_179955,1
CR_40429,1
CR_175158,1
CR_159362,1
CR_97481,1
CR_159213,1
CR_37289,1
CR_67763,1
CR_95273,1
CR_4302,1
CR_143790,1
CR_111442,1
CR_7876,1
CR_59351,1
CR_197672,1
CR_99962,1
CR_130628,1
CR_148384,1
CR_140359,1
CR_28031,1
CR_182370,1
CR_133994,1
CR_116055,1
CR_175172,1
CR_21826,1
CR_41742,1
CR_186607,1
CR_87036,1
CR_110848,1
CR_75296,1
CR_196170,1
CR_102179,1
CR_11187,1
CR_71328,1
CR_88555,1
CR_92526,1
CR_48394,1
CR_145000,1
CR_198611,1
CR_164327,1
CR_74185,1
CR_48871,1
CR_73341,1
CR_36628,1
CR_51133,1
CR_101985,1
CR_50162,1
CR_41556,1
CR_22734,1
CR_135460,0
CR_98195,1
CR_74314,1
CR_26960,1
CR_143536,1
CR_181475,1
CR_35520,1
CR_125208,1
CR_115419,1
CR_157891,1
CR_175754,1
CR_180345,1
CR_29153,1
CR_25955,0
CR_149887,1
CR_99759,1
CR_82730,1
CR_24646,1
CR_36816,1
CR_63009,1
CR_140498,1
CR_46287,1
CR_150907,1
CR_71815,1
CR_24905,1
CR_120089,1
CR_143180,1
CR_189718,1
CR_106285,1
CR_117598,1
CR_9427,1
CR_180296,1
CR_138168,1
CR_76342,1
CR_137534,1
CR_122088,1
CR_101744,1
CR_193581,1
CR_103238,1
CR_60930,1
CR_33012,0
CR_41099,1
CR_49517,1
CR_108399,1
CR_154982,1
CR_56024,1
CR_192308,1
CR_56112,1
CR_169546,1
CR_116280,1
CR_152244,1
CR_117222,0
CR_164482,1
CR_88919,1
CR_171394,1
CR_35823,1
CR_105931,1
CR_104110,1
CR_186407,1
CR_138594,1
CR_118588,1
CR_120465,1
CR_40183,1
CR_20058,1
CR_160561,1
CR_123973,1
CR_162024,1
CR_156399,1
CR_86841,1
CR_32024,1
CR_100787,1
CR_31196,1
CR_97586,1
CR_100611,1
CR_77648,1
CR_168739,1
CR_69580,1
CR_153962,1
CR_114952,1
CR_191570,1
CR_15582,1
CR_198746,1
CR_82448,1
CR_18425,1
CR_11983,1
CR_57236,1
CR_41400,1
CR_125519,1
CR_126070,1
CR_48806,1
CR_88751,1
CR_73345,1
CR_160098,1
CR_2518,1
CR_181120,1
CR_128405,1
CR_174293,1
CR_108433,1
CR_39695,1
CR_196904,1
CR_121683,1
CR_198671,1
CR_95342,1
CR_196387,1
CR_104712,1
CR_135674,1
CR_116712,1
CR_175116,0
CR_18636,1
CR_181441,1
CR_26198,1
CR_100260,1
CR_81323,1
CR_57849,1
CR_118970,1
CR_90452,1
CR_140,1
CR_120478,1
CR_50630,1
CR_22746,0
CR_25799,1
CR_183132,1
CR_117747,1
CR_123675,1
CR_171446,1
CR_159640,1
CR_14367,1
CR_187977,1
CR_118490,1
CR_69516,1
CR_176959,1
CR_64035,1
CR_177855,1
CR_62575,0
CR_140645,1
CR_80660,1
CR_193839,0
CR_13523,1
CR_93349,1
CR_144486,1
CR_83754,1
CR_7433,1
CR_123414,1
CR_178575,1
CR_54512,1
CR_172461,1
CR_88296,1
CR_30433,1
CR_87007,1
CR_141205,1
CR_185047,1
CR_182892,1
CR_64908,1
CR_52651,1
CR_4442,1
CR_55991,1
CR_182272,1
CR_194718,1
CR_85336,1
CR_23656,1
CR_167924,0
CR_152945,1
CR_22911,1
CR_40587,0
CR_95930,1
CR_126854,1
CR_184364,1
CR_127549,1
CR_138058,1
CR_104744,1
CR_17401,1
CR_162142,1
CR_155405,1
CR_195457,1
CR_8789,1
CR_59906,1
CR_58093,1
CR_141366,1
CR_136725,1
CR_61399,1
CR_73201,1
CR_146199,1
CR_129675,1
CR_114714,1
CR_35093,1
CR_40244,1
CR_3170,1
CR_153025,1
CR_20026,1
CR_91141,1
CR_115479,1
CR_134549,0
CR_23246,1
CR_114937,1
CR_92330,1
CR_3068,1
CR_52307,1
CR_26149,1
CR_35360,1
CR_197743,1
CR_109722,1
CR_171260,1
CR_156326,1
CR_79654,0
CR_21644,1
CR_111446,1
CR_50428,1
CR_125302,1
CR_129421,1
CR_49852,1
CR_107592,1
CR_129674,1
CR_85371,1
CR_121803,1
CR_36485,1
CR_189581,1
CR_58453,1
CR_81947,1
CR_163655,1
CR_83922,1
CR_28981,1
CR_144439,0
CR_179395,1
CR_112526,1
CR_181155,1
CR_127164,1
CR_82466,1
CR_186125,1
CR_118389,1
CR_111936,1
CR_183235,1
CR_36860,1
CR_32080,1
CR_14989,1
CR_59503,1
CR_184260,1
CR_191658,0
CR_155921,1
CR_24556,1
CR_115403,1
CR_117446,1
CR_182723,1
CR_128460,1
CR_130812,1
CR_13949,1
CR_140191,1
CR_194580,1
CR_181778,1
CR_141281,1
CR_141570,1
CR_50269,1
CR_95832,1
CR_113369,1
CR_87201,1
CR_73364,1
CR_162584,1
CR_31620,1
CR_197880,1
CR_1944,1
CR_183435,1
CR_34750,1
CR_125172,1
CR_8710,1
CR_136522,1
CR_187362,1
CR_87581,1
CR_121123,0
CR_4057,1
CR_52640,1
CR_1422,1
CR_68768,1
CR_63199,0
CR_102169,1
CR_164493,1
CR_141395,1
CR_166339,1
CR_70511,1
CR_49496,1
CR_183695,1
CR_140649,1
CR_84780,1
CR_42446,1
CR_105415,1
CR_172531,1
CR_14177,0
CR_48414,1
CR_162671,1
CR_113177,1
CR_8801,1
CR_51280,1
CR_170822,1
CR_87320,1
CR_123958,1
CR_187365,1
CR_48493,1
CR_179356,1
CR_195986,1
CR_107132,1
CR_59340,1
CR_185505,1
CR_138228,1
CR_191513,1
CR_198429,1
CR_94705,1
CR_169692,1
CR_20977,1
CR_137556,1
CR_22393,1
CR_147309,1
CR_11222,1
CR_154943,1
CR_172915,1
CR_164202,1
CR_81275,1
CR_42274,1
CR_141063,1
CR_55350,1
CR_113815,1
CR_58603,1
CR_30353,1
CR_193457,1
CR_125912,1
CR_71948,1
CR_133056,1
CR_16059,1
CR_45615,1
CR_26019,1
CR_150993,1
CR_188345,1
CR_181858,1
CR_193087,1
CR_12257,1
CR_92406,1
CR_150138,1
CR_109983,0
CR_129671,1
CR_135093,1
CR_70138,0
CR_54084,1
CR_159142,0
CR_37419,0
CR_118024,1
CR_148280,1
CR_183919,1
CR_126870,1
CR_24148,1
CR_420,1
CR_8765,1
CR_180198,1
CR_79531,1
CR_88702,1
CR_8179,1
CR_26792,1
CR_55440,1
CR_76053,1
CR_120699,0
CR_159469,1
CR_56364,1
CR_41437,1
CR_197480,1
CR_28832,1
CR_103500,1
CR_43404,1
CR_117093,1
CR_171749,1
CR_109082,1
CR_91040,1
CR_142839,1
CR_112464,1
CR_97690,1
CR_40790,1
CR_134730,1
CR_138155,1
CR_118318,1
CR_61942,1
CR_54672,1
CR_45564,1
CR_141742,1
CR_62539,1
CR_2423,1
CR_142399,1
CR_69643,1
CR_24451,1
CR_155735,1
CR_115158,1
CR_14076,1
CR_85538,1
CR_142962,1
CR_149180,1
CR_24359,1
CR_139886,1
CR_151672,1
CR_192752,1
CR_166105,1
CR_58004,1
CR_143775,1
CR_91755,1
CR_64932,1
CR_175503,1
CR_185694,1
CR_177642,1
CR_87934,1
CR_67036,1
CR_33976,1
CR_153723,1
CR_55818,1
CR_151165,1
CR_70175,1
CR_168225,1
CR_33259,1
CR_143755,1
CR_8044,1
CR_138478,1
CR_135890,1
CR_77674,1
CR_123706,1
CR_18321,1
CR_198439,1
CR_193743,1
CR_162183,1
CR_191807,1
CR_75782,1
CR_34814,1
CR_15250,1
CR_120274,1
CR_123459,1
CR_80520,1
CR_23685,1
CR_6049,1
CR_163140,1
CR_137349,1
CR_142404,1
CR_112527,1
CR_112987,1
CR_8728,1
CR_21436,1
CR_14781,1
CR_47268,1
CR_64622,1
CR_171657,1
CR_61983,1
CR_49621,1
CR_166072,1
CR_144708,1
CR_103600,1
CR_52524,1
CR_134344,1
CR_34838,1
CR_177743,1
CR_120334,1
CR_38765,1
CR_3836,1
CR_152052,1
CR_73032,1
CR_22451,1
CR_168380,1
CR_159204,1
CR_106023,1
CR_158034,1
CR_166651,1
CR_186256,1
CR_121805,1
CR_184397,1
CR_151518,1
CR_32399,1
CR_153151,1
CR_70241,1
CR_157014,1
CR_101201,1
CR_156176,1
CR_139704,0
CR_39555,1
CR_92597,1
CR_157552,1
CR_13373,1
CR_68373,1
CR_191107,1
CR_127233,1
CR_2837,1
CR_183244,1
CR_190768,1
CR_193050,1
CR_147642,1
CR_95463,1
CR_130396,1
CR_180095,1
CR_33949,0
CR_68529,1
CR_80673,1
CR_143185,1
CR_145968,1
CR_71768,1
CR_192524,1
CR_118826,1
CR_118058,1
CR_82893,1
CR_79161,1
CR_229,1
CR_64484,1
CR_161610,1
CR_161520,1
CR_39818,1
CR_86897,1
CR_96612,1
CR_50587,1
CR_36338,1
CR_150278,1
CR_132023,1
CR_139147,1
CR_138775,1
CR_85240,1
CR_136526,1
CR_12995,1
CR_125124,1
CR_13343,1
CR_94132,1
CR_163651,1
CR_35234,1
CR_100318,1
CR_34052,1
CR_24728,1
CR_112118,1
CR_128795,1
CR_82019,1
CR_70038,1
CR_115154,1
CR_115163,1
CR_1532,1
CR_25844,1
CR_40337,1
CR_133748,1
CR_132897,1
CR_120682,1
CR_126882,1
CR_145875,1
CR_94890,1
CR_87259,1
CR_135151,1
CR_178432,1
CR_192298,1
CR_139657,0
CR_14224,1
CR_100018,1
CR_155269,1
CR_129585,1
CR_50357,1
CR_23702,1
CR_78479,1
CR_81960,1
CR_76178,1
CR_64100,1
CR_60383,1
CR_113197,1
CR_26102,1
CR_179808,1
CR_173390,1
CR_108751,1
CR_149611,1
CR_17577,1
CR_146722,1
CR_42688,1
CR_79724,1
CR_77190,1
CR_79925,0
CR_90853,1
CR_122192,1
CR_157534,1
CR_58305,1
CR_32310,1
CR_83309,1
CR_73332,1
CR_186908,1
CR_33660,1
CR_139576,0
CR_124190,1
CR_90915,1
CR_62146,1
CR_21188,1
CR_115769,1
CR_178009,1
CR_84238,1
CR_179239,1
CR_112073,1
CR_29356,1
CR_150216,1
CR_196490,1
CR_23821,1
CR_38195,1
CR_108221,1
CR_34639,0
CR_171682,1
CR_104371,1
CR_161352,1
CR_18116,1
CR_187341,1
CR_147861,1
CR_24514,1
CR_178359,1
CR_161412,1
CR_66667,1
CR_125917,1
CR_134607,1
CR_118718,1
CR_20638,1
CR_106176,1
CR_154422,1
CR_139469,1
CR_5689,1
CR_128525,1
CR_69647,1
CR_175876,1
CR_6991,1
CR_96971,1
CR_107221,1
CR_78907,1
CR_103614,1
CR_175613,1
CR_83955,1
CR_109819,1
CR_88575,1
CR_38169,1
CR_198257,1
CR_51982,1
CR_118904,1
CR_23266,1
CR_164751,1
CR_74505,1
CR_126300,1
CR_158288,1
CR_99258,1
CR_95737,1
CR_24551,1
CR_47454,0
CR_164486,1
CR_66546,1
CR_81048,1
CR_78304,1
CR_28066,1
CR_137216,1
CR_147290,1
CR_192723,1
CR_118943,1
CR_8800,1
CR_130751,1
CR_137021,1
CR_109241,1
